Open,High,Low,Close,Adj Close,Volume
117.63999938964844,117.72000122070312,115.83000183105469,116.79000091552734,116.79000091552734,116120400
112.88999938964844,115.37000274658203,112.22000122070312,113.0199966430664,113.0199966430664,144712000
113.91000366210938,116.6500015258789,113.55000305175781,116.5,116.5,106243800
115.69999694824219,116.12000274658203,112.25,113.16000366210938,113.16000366210938,161498200
114.62000274658203,115.55000305175781,114.12999725341797,115.08000183105469,115.08000183105469,96849000
116.25,116.4000015258789,114.58999633789062,114.97000122070312,114.97000122070312,83477200
115.27999877929688,117.0,114.91999816894531,116.97000122070312,116.97000122070312,100506900
120.05999755859375,125.18000030517578,119.27999877929688,124.4000015258789,124.4000015258789,240226800
