OPEN,HIGH,LOW,CLOSE,Adj Close,Volume
125.27,125.39,119.65,121.1,121.0999984741211,261686100
125.27,125.39,119.65,121.1,121.0999984741211,255967921
